res i,res j,rot A_i,rot B_j,E_ij
1,2,10,10,1.3334591388702393
1,2,10,11,0.5432814359664917
1,2,10,12,0.44652533531188965
1,2,10,13,1.449629783630371
1,2,10,14,0.5213168859481812
1,2,10,15,1.5628424882888794
1,2,10,16,2.054070472717285
1,2,10,17,0.7313574552536011
1,2,10,18,0.7125300168991089
1,2,10,19,0.6662791967391968
1,2,11,10,0.3761076033115387
1,2,11,11,-0.6866658926010132
1,2,11,12,-0.5232332944869995
1,2,11,13,0.49227815866470337
1,2,11,14,-0.4764314293861389
1,2,11,15,0.6054909229278564
1,2,11,16,1.0946437120437622
1,2,11,17,-0.21381086111068726
1,2,11,18,-0.23263823986053467
1,2,11,19,-0.27888917922973633
1,2,12,10,1.4075089693069458
1,2,12,11,0.48262834548950195
1,2,12,12,0.5172245502471924
1,2,12,13,1.5236796140670776
1,2,12,14,0.5735468864440918
1,2,12,15,1.636892318725586
1,2,12,16,2.139723539352417
1,2,12,17,0.7996939420700073
1,2,12,18,0.7808665037155151
1,2,12,19,0.734615683555603
1,2,13,10,0.8030773997306824
1,2,13,11,-0.2527928352355957
1,2,13,12,-0.09565091133117676
1,2,13,13,0.9192480444908142
1,2,13,14,-0.048669278621673584
1,2,13,15,1.0324606895446777
1,2,13,16,1.5244436264038086
1,2,13,17,0.20765429735183716
1,2,13,18,0.18882691860198975
1,2,13,19,0.14257603883743286
1,2,14,10,0.30151066184043884
1,2,14,11,-0.7558544278144836
1,2,14,12,-0.5978483557701111
1,2,14,13,0.4176813066005707
1,2,14,14,-0.5510464906692505
1,2,14,15,0.5308940410614014
1,2,14,16,1.0199995040893555
1,2,14,17,-0.28858932852745056
1,2,14,18,-0.3074166476726532
1,2,14,19,-0.35366755723953247
1,2,15,10,-0.6024733781814575
1,2,15,11,-1.6655821800231934
1,2,15,12,-1.5018335580825806
1,2,15,13,-0.4863027036190033
1,2,15,14,-1.4550315141677856
1,2,15,15,-0.37309008836746216
1,2,15,16,0.11632633209228516
1,2,15,17,-1.192503809928894
1,2,15,18,-1.2113311290740967
1,2,15,19,-1.2575820684432983
1,2,16,10,0.5841874480247498
1,2,16,11,-0.33844470977783203
1,2,16,12,-0.3139374256134033
1,2,16,13,0.7003581523895264
1,2,16,14,-0.25891369581222534
1,2,16,15,0.8135707378387451
1,2,16,16,1.3026883602142334
1,2,16,17,-0.00768435001373291
1,2,16,18,-0.026511788368225098
1,2,16,19,-0.07276266813278198
1,2,17,10,-0.47857722640037537
1,2,17,11,-1.542609453201294
1,2,17,12,-1.377955436706543
1,2,17,13,-0.36240658164024353
1,2,17,14,-1.3311996459960938
1,2,17,15,-0.2491939216852188
1,2,17,16,0.23891432583332062
1,2,17,17,-1.0683084726333618
1,2,17,18,-1.0871357917785645
1,2,17,19,-1.1333868503570557
1,2,18,10,-0.4682786464691162
1,2,18,11,-1.5323108434677124
1,2,18,12,-1.367656946182251
1,2,18,13,-0.3521080017089844
1,2,18,14,-1.3209010362625122
1,2,18,15,-0.23889532685279846
1,2,18,16,0.249212846159935
1,2,18,17,-1.0580098628997803
1,2,18,18,-1.076837182044983
1,2,18,19,-1.1230881214141846
1,2,19,10,-0.476453959941864
1,2,19,11,-1.540486216545105
1,2,19,12,-1.3758323192596436
1,2,19,13,-0.3602833151817322
1,2,19,14,-1.3290764093399048
1,2,19,15,-0.24707064032554626
1,2,19,16,0.24103756248950958
1,2,19,17,-1.0661852359771729
1,2,19,18,-1.085012435913086
1,2,19,19,-1.1312634944915771
2,3,10,10,-1.735496997833252
2,3,10,11,-1.6607110500335693
2,3,10,12,-1.6838724613189697
2,3,10,13,-1.729689121246338
2,3,10,14,-1.6398744583129883
2,3,10,15,-1.6898114681243896
2,3,10,16,-1.5932178497314453
2,3,10,17,0.7693789601325989
2,3,10,18,-1.5687294006347656
2,3,10,19,-0.2414115071296692
2,3,11,10,0.8092590570449829
2,3,11,11,0.8840899467468262
2,3,11,12,0.8092590570449829
2,3,11,13,0.8092590570449829
2,3,11,14,0.8092510104179382
2,3,11,15,0.8092361688613892
2,3,11,16,0.9515831470489502
2,3,11,17,-0.3530619144439697
2,3,11,18,0.9758096933364868
2,3,11,19,-0.26521795988082886
2,3,12,10,0.8397772312164307
2,3,12,11,0.9146275520324707
2,3,12,12,0.8397772312164307
2,3,12,13,0.8397772312164307
2,3,12,14,0.839769184589386
2,3,12,15,0.8397543430328369
2,3,12,16,0.9821206331253052
2,3,12,17,-0.3156447410583496
2,3,12,18,1.0063471794128418
2,3,12,19,-0.23466670513153076
2,3,13,10,0.19752824306488037
2,3,13,11,0.2812756299972534
2,3,13,12,0.20442140102386475
2,3,13,13,0.19752824306488037
2,3,13,14,0.20596158504486084
2,3,13,15,0.20067226886749268
2,3,13,16,0.3487688899040222
2,3,13,17,1.039684534072876
2,3,13,18,0.37299537658691406
2,3,13,19,0.5890700817108154
2,3,14,10,0.905718207359314
2,3,14,11,0.9805576801300049
2,3,14,12,0.905718207359314
2,3,14,13,0.905718207359314
2,3,14,14,0.9057101011276245
2,3,14,15,0.9056953191757202
2,3,14,16,1.0480507612228394
2,3,14,17,-0.25252944231033325
2,3,14,18,1.072277307510376
2,3,14,19,-0.16874486207962036
2,3,15,10,-0.16388237476348877
2,3,15,11,-0.08821523189544678
2,3,15,12,-0.16388237476348877
2,3,15,13,-0.16388237476348877
2,3,15,14,-0.1635202169418335
2,3,15,15,-0.1637493371963501
2,3,15,16,-0.020722031593322754
2,3,15,17,0.6424820423126221
2,3,15,18,0.003504514694213867
2,3,15,19,0.35988786816596985
2,3,16,10,0.27560901641845703
2,3,16,11,0.35036998987197876
2,3,16,12,0.27560901641845703
2,3,16,13,0.27560901641845703
2,3,16,14,0.2756008505821228
2,3,16,15,0.2755860686302185
2,3,16,16,0.41786304116249084
2,3,16,17,-0.427990198135376
2,3,16,18,0.44208958745002747
2,3,16,19,-0.49762165546417236
2,3,17,10,0.11714164912700653
2,3,17,11,0.1919070929288864
2,3,17,12,0.11714164912700653
2,3,17,13,0.11714164912700653
2,3,17,14,0.1171334832906723
2,3,17,15,0.117118701338768
2,3,17,16,0.25940024852752686
2,3,17,17,-1.0329082012176514
2,3,17,18,0.2836267948150635
2,3,17,19,-0.9449247717857361
2,3,18,10,0.13279016315937042
2,3,18,11,0.2075556367635727
2,3,18,12,0.13279016315937042
2,3,18,13,0.13279016315937042
2,3,18,14,0.13278205692768097
2,3,18,15,0.13276727497577667
2,3,18,16,0.27504879236221313
2,3,18,17,-1.0172595977783203
2,3,18,18,0.29927533864974976
2,3,18,19,-0.929276168346405
2,3,19,10,0.15391643345355988
2,3,19,11,0.22868190705776215
2,3,19,12,0.15391643345355988
2,3,19,13,0.15391643345355988
2,3,19,14,0.15390832722187042
2,3,19,15,0.15389354526996613
2,3,19,16,0.2961750626564026
2,3,19,17,-0.9961332678794861
2,3,19,18,0.3204016089439392
2,3,19,19,-0.9081498980522156
3,4,10,10,-1.1193652153015137
3,4,10,11,-1.4240199327468872
3,4,10,12,-1.029987096786499
3,4,10,13,-1.0642505884170532
3,4,10,14,-0.98064124584198
3,4,10,15,-1.2278083562850952
3,4,10,16,-1.206974744796753
3,4,10,17,-1.2750799655914307
3,4,10,18,-1.2383310794830322
3,4,10,19,-1.0677073001861572
3,4,11,10,-1.074095606803894
3,4,11,11,-1.3787686824798584
3,4,11,12,-0.9847174882888794
3,4,11,13,-1.0189809799194336
3,4,11,14,-0.9353716373443604
3,4,11,15,-1.1825203895568848
3,4,11,16,-1.1616867780685425
3,4,11,17,-1.2297921180725098
3,4,11,18,-1.1930431127548218
3,4,11,19,-1.0224158763885498
3,4,12,10,-1.119229793548584
3,4,12,11,-1.423884630203247
3,4,12,12,-1.0298517942428589
3,4,12,13,-1.064115285873413
3,4,12,14,-0.9805059432983398
3,4,12,15,-1.227673053741455
3,4,12,16,-1.2068394422531128
3,4,12,17,-1.2749446630477905
3,4,12,18,-1.238195776939392
3,4,12,19,-1.067571997642517
3,4,13,10,-1.1193652153015137
3,4,13,11,-1.4240199327468872
3,4,13,12,-1.029987096786499
3,4,13,13,-1.0642505884170532
3,4,13,14,-0.98064124584198
3,4,13,15,-1.2278083562850952
3,4,13,16,-1.206974744796753
3,4,13,17,-1.2750799655914307
3,4,13,18,-1.2383310794830322
3,4,13,19,-1.0677073001861572
3,4,14,10,-1.1193652153015137
3,4,14,11,-1.4240199327468872
3,4,14,12,-1.029987096786499
3,4,14,13,-1.0642505884170532
3,4,14,14,-0.98064124584198
3,4,14,15,-1.2278083562850952
3,4,14,16,-1.206974744796753
3,4,14,17,-1.2750799655914307
3,4,14,18,-1.2383310794830322
3,4,14,19,-1.0677073001861572
3,4,15,10,-1.1193652153015137
3,4,15,11,-1.4240199327468872
3,4,15,12,-1.029987096786499
3,4,15,13,-1.0642505884170532
3,4,15,14,-0.98064124584198
3,4,15,15,-1.2278083562850952
3,4,15,16,-1.206974744796753
3,4,15,17,-1.2750799655914307
3,4,15,18,-1.2383310794830322
3,4,15,19,-1.0677073001861572
3,4,16,10,-1.0036909580230713
3,4,16,11,-1.3083640336990356
3,4,16,12,-0.9143129587173462
3,4,16,13,-0.9485764503479004
3,4,16,14,-0.8649671077728271
3,4,16,15,-1.1121158599853516
3,4,16,16,-1.0912822484970093
3,4,16,17,-1.159387469291687
3,4,16,18,-1.1226385831832886
3,4,16,19,-0.9520113468170166
3,4,17,10,-1.0449175834655762
3,4,17,11,-1.3496013879776
3,4,17,12,-0.9555394649505615
3,4,17,13,-0.9898029565811157
3,4,17,14,-0.9061936140060425
3,4,17,15,-1.153332233428955
3,4,17,16,-1.1324985027313232
3,4,17,17,-1.2006038427352905
3,4,17,18,-1.163854956626892
3,4,17,19,-0.9932255744934082
3,4,18,10,-1.1062021255493164
3,4,18,11,-1.4108752012252808
3,4,18,12,-1.0168240070343018
3,4,18,13,-1.051087498664856
3,4,18,14,-0.9674781560897827
3,4,18,15,-1.2146269083023071
3,4,18,16,-1.1937932968139648
3,4,18,17,-1.2618985176086426
3,4,18,18,-1.2251496315002441
3,4,18,19,-1.0545223951339722
3,4,19,10,-1.1147546768188477
3,4,19,11,-1.4194386005401611
3,4,19,12,-1.025376558303833
3,4,19,13,-1.0596400499343872
3,4,19,14,-0.976030707359314
3,4,19,15,-1.2231693267822266
3,4,19,16,-1.2023355960845947
3,4,19,17,-1.270440936088562
3,4,19,18,-1.2336920499801636
3,4,19,19,-1.0630627870559692
4,5,10,10,12.68338394165039
4,5,10,11,10.581151962280273
4,5,10,12,10.314738273620605
4,5,10,13,10.465530395507812
4,5,10,14,10.05853271484375
4,5,10,15,11.334409713745117
4,5,10,16,11.822327613830566
4,5,10,17,10.453180313110352
4,5,10,18,10.014829635620117
4,5,10,19,10.885398864746094
4,5,11,10,9.63644790649414
4,5,11,11,9.933525085449219
4,5,11,12,9.203630447387695
4,5,11,13,9.174306869506836
4,5,11,14,9.201642036437988
4,5,11,15,9.366865158081055
4,5,11,16,9.427369117736816
4,5,11,17,9.15201473236084
4,5,11,18,9.176905632019043
4,5,11,19,9.417059898376465
4,5,12,10,14.078970909118652
4,5,12,11,10.615848541259766
4,5,12,12,10.772327423095703
4,5,12,13,10.974245071411133
4,5,12,14,10.597420692443848
4,5,12,15,12.097515106201172
4,5,12,16,12.574825286865234
4,5,12,17,10.955451965332031
4,5,12,18,10.564855575561523
4,5,12,19,11.600446701049805
4,5,13,10,14.00227165222168
4,5,13,11,11.133193969726562
4,5,13,12,10.639655113220215
4,5,13,13,10.636630058288574
4,5,13,14,10.54507827758789
4,5,13,15,12.377372741699219
4,5,13,16,13.191070556640625
4,5,13,17,10.582586288452148
4,5,13,18,10.502506256103516
4,5,13,19,11.995504379272461
4,5,14,10,15.8046236038208
4,5,14,11,10.972416877746582
4,5,14,12,11.364015579223633
4,5,14,13,11.506653785705566
4,5,14,14,11.2232666015625
4,5,14,15,13.332382202148438
4,5,14,16,13.987200736999512
4,5,14,17,11.447181701660156
4,5,14,18,11.184602737426758
4,5,14,19,12.702313423156738
4,5,15,10,3.6282405853271484
4,5,15,11,3.5831046104431152
4,5,15,12,2.872286319732666
4,5,15,13,2.9239346981048584
4,5,15,14,2.8641703128814697
4,5,15,15,3.0706732273101807
4,5,15,16,3.1396644115448
4,5,15,17,3.0148766040802
4,5,15,18,2.868835687637329
4,5,15,19,3.111889600753784
4,5,16,10,3.4562342166900635
4,5,16,11,3.547010660171509
4,5,16,12,2.7934987545013428
4,5,16,13,2.802645206451416
4,5,16,14,2.790482521057129
4,5,16,15,2.994175434112549
4,5,16,16,3.0614449977874756
4,5,16,17,2.866298198699951
4,5,16,18,2.7926130294799805
4,5,16,19,3.0384292602539062
4,5,17,10,3.621432065963745
4,5,17,11,3.6031789779663086
4,5,17,12,2.863058567047119
4,5,17,13,2.89022159576416
4,5,17,14,2.856517791748047
4,5,17,15,3.0679378509521484
4,5,17,16,3.137730360031128
4,5,17,17,2.942159414291382
4,5,17,18,2.854278802871704
4,5,17,19,3.1065194606781006
4,5,18,10,3.4110963344573975
4,5,18,11,3.5467028617858887
4,5,18,12,2.7949531078338623
4,5,18,13,2.788019895553589
4,5,18,14,2.7932045459747314
4,5,18,15,2.9971871376037598
4,5,18,16,3.0644567012786865
4,5,18,17,2.789252996444702
4,5,18,18,2.787466049194336
4,5,18,19,3.041440963745117
4,5,19,10,4.450077056884766
4,5,19,11,3.4835216999053955
4,5,19,12,2.9185616970062256
4,5,19,13,3.1824796199798584
4,5,19,14,2.793107748031616
4,5,19,15,3.562927007675171
4,5,19,16,3.7413792610168457
4,5,19,17,3.2344205379486084
4,5,19,18,2.785520076751709
4,5,19,19,3.3141703605651855
5,6,10,10,4.331493377685547
5,6,10,11,2.8954641819000244
5,6,10,12,3.9396884441375732
5,6,10,13,4.138520240783691
5,6,10,14,4.296998977661133
5,6,10,15,4.085543155670166
5,6,10,16,4.006107330322266
5,6,10,17,3.952699899673462
5,6,10,18,2.8338675498962402
5,6,10,19,3.461714029312134
5,6,11,10,4.798137187957764
5,6,11,11,3.3670623302459717
5,6,11,12,4.4055891036987305
5,6,11,13,4.605164527893066
5,6,11,14,4.76364278793335
5,6,11,15,4.552186965942383
5,6,11,16,4.472751617431641
5,6,11,17,4.418600559234619
5,6,11,18,3.3054280281066895
5,6,11,19,3.8896915912628174
5,6,12,10,4.546380996704102
5,6,12,11,3.1104066371917725
5,6,12,12,4.154566764831543
5,6,12,13,4.353407859802246
5,6,12,14,4.511886119842529
5,6,12,15,4.300430774688721
5,6,12,16,4.2209954261779785
5,6,12,17,4.167578220367432
5,6,12,18,3.048809766769409
5,6,12,19,3.6738529205322266
5,6,13,10,4.54170036315918
5,6,13,11,3.1057262420654297
5,6,13,12,4.149886131286621
5,6,13,13,4.348727226257324
5,6,13,14,4.507205486297607
5,6,13,15,4.295749664306641
5,6,13,16,4.216314315795898
5,6,13,17,4.16289758682251
5,6,13,18,3.0441291332244873
5,6,13,19,3.6691722869873047
5,6,14,10,4.544822692871094
5,6,14,11,3.108848810195923
5,6,14,12,4.153008460998535
5,6,14,13,4.351849555969238
5,6,14,14,4.5103278160095215
5,6,14,15,4.298871994018555
5,6,14,16,4.219437122344971
5,6,14,17,4.166019916534424
5,6,14,18,3.0472519397735596
5,6,14,19,3.6722946166992188
5,6,15,10,4.584200382232666
5,6,15,11,3.1482250690460205
5,6,15,12,4.192386627197266
5,6,15,13,4.3912272453308105
5,6,15,14,4.549705982208252
5,6,15,15,4.338250160217285
5,6,15,16,4.258814334869385
5,6,15,17,4.205398082733154
5,6,15,18,3.086627960205078
5,6,15,19,3.7116634845733643
5,6,16,10,4.55817985534668
5,6,16,11,3.1222047805786133
5,6,16,12,4.166365623474121
5,6,16,13,4.365206718444824
5,6,16,14,4.523684978485107
5,6,16,15,4.312229156494141
5,6,16,16,4.232793807983398
5,6,16,17,4.17937707901001
5,6,16,18,3.06060791015625
5,6,16,19,3.685643434524536
5,6,17,10,4.53935432434082
5,6,17,11,3.1033802032470703
5,6,17,12,4.147540092468262
5,6,17,13,4.346381187438965
5,6,17,14,4.504859447479248
5,6,17,15,4.293403625488281
5,6,17,16,4.213968753814697
5,6,17,17,4.16055154800415
5,6,17,18,3.041783094406128
5,6,17,19,3.6668262481689453
5,6,18,10,4.539687156677246
5,6,18,11,3.103713035583496
5,6,18,12,4.1478729248046875
5,6,18,13,4.346714019775391
5,6,18,14,4.505192279815674
5,6,18,15,4.293736457824707
5,6,18,16,4.214301109313965
5,6,18,17,4.160884380340576
5,6,18,18,3.0421159267425537
5,6,18,19,3.667159080505371
5,6,19,10,4.649677276611328
5,6,19,11,3.2137022018432617
5,6,19,12,4.257857799530029
5,6,19,13,4.456704616546631
5,6,19,14,4.615182399749756
5,6,19,15,4.403726577758789
5,6,19,16,4.324291229248047
5,6,19,17,4.270869255065918
5,6,19,18,3.1521053314208984
5,6,19,19,3.777130365371704
